return_id,scenario_id,scenario,expected_risk_level,expected_reason_types
return_3001,1,normal,MEDIUM,FULL_AMOUNT_REFUND;HIGH_VALUE_REFUND
return_3002,1,normal,LOW,HIGH_VALUE_REFUND
return_3003,1,normal,LOW,
return_3004,1,normal,LOW,HIGH_VALUE_REFUND
return_3005,1,normal,LOW,
return_3006,2,high_value_no_evidence,MEDIUM,AGENT_HIGH_APPROVAL_RATE;NO_EVIDENCE
return_3007,2,high_value_no_evidence,LOW,NO_EVIDENCE
return_3008,2,high_value_no_evidence,MEDIUM,HIGH_VALUE_REFUND;NO_EVIDENCE
return_3009,2,high_value_no_evidence,MEDIUM,HIGH_VALUE_REFUND;NO_EVIDENCE
return_3010,2,high_value_no_evidence,MEDIUM,HIGH_VALUE_REFUND;NO_EVIDENCE
return_3011,3,full_amount_expensive,CRITICAL,AGENT_HIGH_APPROVAL_RATE;FULL_AMOUNT_REFUND;HIGH_VALUE_REFUND;NO_EVIDENCE
return_3012,3,full_amount_expensive,MEDIUM,FULL_AMOUNT_REFUND;HIGH_VALUE_REFUND;MANUAL_OVERRIDE
return_3013,3,full_amount_expensive,MEDIUM,FULL_AMOUNT_REFUND;HIGH_VALUE_REFUND;NO_EVIDENCE
return_3014,3,full_amount_expensive,MEDIUM,FULL_AMOUNT_REFUND;HIGH_VALUE_REFUND
return_3015,3,full_amount_expensive,MEDIUM,FULL_AMOUNT_REFUND;HIGH_VALUE_REFUND;NO_EVIDENCE
return_3016,4,fast_approval,HIGH,AGENT_HIGH_APPROVAL_RATE;FAST_APPROVAL;NO_EVIDENCE
return_3017,4,fast_approval,MEDIUM,AGENT_HIGH_APPROVAL_RATE;HIGH_VALUE_REFUND
return_3018,4,fast_approval,HIGH,AGENT_HIGH_APPROVAL_RATE;FAST_APPROVAL;HIGH_VALUE_REFUND
return_3019,4,fast_approval,HIGH,AGENT_HIGH_APPROVAL_RATE;FULL_AMOUNT_REFUND;HIGH_VALUE_REFUND
return_3020,4,fast_approval,CRITICAL,AGENT_HIGH_APPROVAL_RATE;FAST_APPROVAL;HIGH_VALUE_REFUND;NO_EVIDENCE
return_3021,5,manual_override_high_value,MEDIUM,MANUAL_OVERRIDE;NO_EVIDENCE
return_3022,5,manual_override_high_value,MEDIUM,MANUAL_OVERRIDE;NO_EVIDENCE
return_3023,5,manual_override_high_value,CRITICAL,AGENT_HIGH_APPROVAL_RATE;HIGH_VALUE_REFUND;MANUAL_OVERRIDE;NO_EVIDENCE
return_3024,5,manual_override_high_value,HIGH,HIGH_VALUE_REFUND;MANUAL_OVERRIDE;NO_EVIDENCE
return_3025,5,manual_override_high_value,CRITICAL,AGENT_HIGH_APPROVAL_RATE;HIGH_VALUE_REFUND;MANUAL_OVERRIDE;NO_EVIDENCE
return_3026,6,frequent_customer,HIGH,AGENT_HIGH_APPROVAL_RATE;CUSTOMER_FREQUENT_RETURNS;SUSPICIOUS_CLUSTER
return_3027,6,frequent_customer,CRITICAL,CUSTOMER_FREQUENT_RETURNS;HIGH_VALUE_REFUND;NO_EVIDENCE;SUSPICIOUS_CLUSTER
return_3028,6,frequent_customer,CRITICAL,AGENT_HIGH_APPROVAL_RATE;CUSTOMER_FREQUENT_RETURNS;FULL_AMOUNT_REFUND;HIGH_VALUE_REFUND;SUSPICIOUS_CLUSTER
return_3029,6,frequent_customer,HIGH,CUSTOMER_FREQUENT_RETURNS;MANUAL_OVERRIDE;SUSPICIOUS_CLUSTER
return_3030,6,frequent_customer,CRITICAL,AGENT_HIGH_APPROVAL_RATE;CUSTOMER_FREQUENT_RETURNS;NO_EVIDENCE;SUSPICIOUS_CLUSTER
return_3031,7,high_approval_agent,CRITICAL,AGENT_HIGH_APPROVAL_RATE;HIGH_VALUE_REFUND;MANUAL_OVERRIDE;NO_EVIDENCE
return_3032,7,high_approval_agent,HIGH,AGENT_HIGH_APPROVAL_RATE;FULL_AMOUNT_REFUND;HIGH_VALUE_REFUND
return_3033,7,high_approval_agent,MEDIUM,AGENT_HIGH_APPROVAL_RATE;NO_EVIDENCE
return_3034,7,high_approval_agent,MEDIUM,AGENT_HIGH_APPROVAL_RATE;HIGH_VALUE_REFUND
return_3035,7,high_approval_agent,LOW,AGENT_HIGH_APPROVAL_RATE
return_3036,8,repeated_agent_customer_pair,CRITICAL,AGENT_HIGH_APPROVAL_RATE;CUSTOMER_FREQUENT_RETURNS;HIGH_VALUE_REFUND;NO_EVIDENCE;REPEATED_AGENT_CUSTOMER_PAIR;SUSPICIOUS_CLUSTER
return_3037,8,repeated_agent_customer_pair,CRITICAL,AGENT_HIGH_APPROVAL_RATE;CUSTOMER_FREQUENT_RETURNS;NO_EVIDENCE;REPEATED_AGENT_CUSTOMER_PAIR;SUSPICIOUS_CLUSTER
return_3038,8,repeated_agent_customer_pair,CRITICAL,AGENT_HIGH_APPROVAL_RATE;CUSTOMER_FREQUENT_RETURNS;HIGH_VALUE_REFUND;REPEATED_AGENT_CUSTOMER_PAIR;SUSPICIOUS_CLUSTER
return_3039,8,repeated_agent_customer_pair,CRITICAL,AGENT_HIGH_APPROVAL_RATE;CUSTOMER_FREQUENT_RETURNS;MANUAL_OVERRIDE;NO_EVIDENCE;REPEATED_AGENT_CUSTOMER_PAIR;SUSPICIOUS_CLUSTER
return_3040,8,repeated_agent_customer_pair,CRITICAL,AGENT_HIGH_APPROVAL_RATE;CUSTOMER_FREQUENT_RETURNS;FULL_AMOUNT_REFUND;HIGH_VALUE_REFUND;NO_EVIDENCE;REPEATED_AGENT_CUSTOMER_PAIR;SUSPICIOUS_CLUSTER
return_3041,9,suspicious_cluster,CRITICAL,AGENT_HIGH_APPROVAL_RATE;CUSTOMER_FREQUENT_RETURNS;HIGH_VALUE_REFUND;MANUAL_OVERRIDE;NO_EVIDENCE;REPEATED_AGENT_CUSTOMER_PAIR;SUSPICIOUS_CLUSTER
return_3042,9,suspicious_cluster,CRITICAL,AGENT_HIGH_APPROVAL_RATE;CUSTOMER_FREQUENT_RETURNS;HIGH_VALUE_REFUND;MANUAL_OVERRIDE;NO_EVIDENCE;REPEATED_AGENT_CUSTOMER_PAIR;SUSPICIOUS_CLUSTER
return_3043,9,suspicious_cluster,CRITICAL,AGENT_HIGH_APPROVAL_RATE;CUSTOMER_FREQUENT_RETURNS;HIGH_VALUE_REFUND;MANUAL_OVERRIDE;NO_EVIDENCE;REPEATED_AGENT_CUSTOMER_PAIR;SUSPICIOUS_CLUSTER
return_3044,9,suspicious_cluster,CRITICAL,AGENT_HIGH_APPROVAL_RATE;CUSTOMER_FREQUENT_RETURNS;HIGH_VALUE_REFUND;MANUAL_OVERRIDE;NO_EVIDENCE;REPEATED_AGENT_CUSTOMER_PAIR;SUSPICIOUS_CLUSTER
return_3045,9,suspicious_cluster,CRITICAL,AGENT_HIGH_APPROVAL_RATE;CUSTOMER_FREQUENT_RETURNS;FAST_APPROVAL;HIGH_VALUE_REFUND;MANUAL_OVERRIDE;NO_EVIDENCE;REPEATED_AGENT_CUSTOMER_PAIR;SUSPICIOUS_CLUSTER
